actor,movie_or_TV_name
David Ury,1-800-Hot-Nite
David Ury,The Longest Sleep
David Ury,Magnum P.I.
David Ury,Jimmy Kimmel Live!
David Ury,Woke
David Ury,Tacoma FD
David Ury,Outer Banks
Tonia Jackson,Saving My Daughter
Logan Siu,Untitled Country Musical Project
David Ury,Paradise Lost
David Ury,Birds of Prey
David Ury,Kajillionaire
David Ury,Faith Based
David Ury,Lodge 49
David Ury,3 from Hell
David Ury,Loners
Tonia Jackson,Genius
Tonia Jackson,American Leopard
Tonia Jackson,Outer Banks
Tonia Jackson,How High 2
Tonia Jackson,The Resident
Tonia Jackson,Black Lightning
Tonia Jackson,The Quad
Tonia Jackson,Greenleaf
Tonia Jackson,Atlanta
Logan Siu,Dog Gone
Logan Siu,Along for the Ride
Logan Siu,Hightown
Logan Siu,Outer Banks
Logan Siu,Dead Silent
Logan Siu,The Darkest Minds
Logan Siu,Kevin (Probably) Saves the World
Logan Siu,The Squeeze
Logan Siu,Bridge the Gap
Logan Siu,The Red Road
Logan Siu,All You Can Eat
David Ury,The Walking Dead
David Ury,The Outpost
David Ury,Fresh Off the Boat
David Ury,Escaping Dad
David Ury,A Cinderella Story: If the Shoe Fits
David Ury,Powers
David Ury,Rush Hour
Tonia Jackson,Constantine
Tonia Jackson,Drop Dead Diva
Tonia Jackson,Let's Stay Together
Tonia Jackson,Meet the Browns
Tonia Jackson,A Chance of Snow
Logan Siu,Blood Done Sign My Name
Logan Siu,The Ultimate Gift
Logan Siu,Juwanna Mann
David Ury,"Fear, Inc."
David Ury,Those Who Can't
David Ury,31
David Ury,The Librarians
David Ury,Augustine
Ted Huckabee,KRIS
David Ury,Police and Quiet
David Ury,Police and Quiet
David Ury,Little Boy
Chase Stokes,Uglies
Ted Huckabee,Seduction & Snacks
Ted Huckabee,Outer Banks
Ted Huckabee,Hillbilly Elegy
Ted Huckabee,The War with Grandpa
Ted Huckabee,Just Mercy
David Ury,Major Crimes
David Ury,Grimm
David Ury,The Haunted Hathaways
David Ury,The Other Hef
David Ury,Lake Los Angeles
Brad Ashten,No Time for Goodbye
Chase Stokes,Outer Banks
Chase Stokes,Paltrocast with Darren Paltrowitz
Chase Stokes,Tell Me Your Secrets
Chase Stokes,Dr. Bird's Advice for Sad Poets
Chase Stokes,Kygo Feat. Donna Summer: Hot Stuff
Ted Huckabee,Green Book
Ted Huckabee,Brockmire
Ted Huckabee,The Walking Dead
Ted Huckabee,Dead Silent
Ted Huckabee,This Old Machine
Ted Huckabee,The Vampire Diaries
David Ury,Mom
David Ury,The Newest Testament
David Ury,Chosen
David Ury,CSI: Crime Scene Investigation
David Ury,Masters of Sex
David Ury,The Mentalist
Jason Saucier,Outer Banks
Brad Ashten,SEAL Team
Chase Stokes,The First
Chase Stokes,The Beach House
Chase Stokes,Between Waves
Ted Huckabee,The Announcement
Ted Huckabee,Blackhats
Ted Huckabee,Rectify
Ted Huckabee,Kill the Messenger
Ted Huckabee,Let's Be Cops
Ted Huckabee,Halt and Catch Fire
Ted Huckabee,Drop Dead Diva
David Ury,Coffee Town
David Ury,Maggie
David Ury,Touch
David Ury,Justified
David Ury,Pearblossom Hwy
David Ury,MotherLover
David Ury,Raising Hope
David Ury,Hollywood Heights
Jason Saucier,Constantine
Jason Saucier,Resurrection
Jason Saucier,The Ultimate Life
Jason Saucier,Revolution
Jason Saucier,Half Empty
Jason Saucier,Reinventing the Wheelers
Jason Saucier,One Tree Hill
Brad Ashten,Truth Be Told
Brad Ashten,S.W.A.T.
Brad Ashten,Bad Dad
Brad Ashten,Outer Banks
Chase Stokes,Daytime Divas
Chase Stokes,Stranger Things
Chase Stokes,Base
Chase Stokes,Lost Island
Chase Stokes,The 47th Annual People's Choice Awards
Ted Huckabee,Christmas in Conway
Ted Huckabee,Devil's Knot
Ted Huckabee,Are You Here
Ted Huckabee,The Haves and the Have Nots
Ted Huckabee,The Game
Ted Huckabee,Lumber Baron of Jasper County
David Ury,Private Practice
David Ury,Community
David Ury,American Horror Story
David Ury,Dragon Age: Redemption
David Ury,CSI: NY
Jason Saucier,Surface
Jason Saucier,Isaac's Storm
Jason Saucier,Dawson's Creek
Jason Saucier,The Hyena
Jason Saucier,Criminal Passion
Jason Saucier,Whore
Brad Ashten,The Mercenary
Brad Ashten,Swamp Thing
Brad Ashten,An L.A. Minute
Brad Ashten,Code Black
Brad Ashten,The Walking Dead
Chase Stokes,Extra with Billy Bush
Chase Stokes,Good Morning America
Chase Stokes,Jimmy Kimmel Live!
Chase Stokes,The Hollywood Reporter
Chase Stokes,2021 MTV Movie & TV Awards
Chase Stokes,The Drew Barrymore Show
Ted Huckabee,A Zombie Invasion
Ted Huckabee,Pepper
Ted Huckabee,Flight
Ted Huckabee,Necessary Roughness
Ted Huckabee,The Watch
Ted Huckabee,Detour
David Ury,L.A. Noire
David Ury,Zeke and Luther
David Ury,Bones
David Ury,The Young and the Restless
Jason Saucier,The Crawlers
Jason Saucier,Three for One
Jason Saucier,Hitcher in the Dark
Jason Saucier,Top Model
Brad Ashten,Papaya Whip
Brad Ashten,Animal Kingdom
Brad Ashten,TURN: Washington's Spies
Brad Ashten,Sleepy Hollow
Brad Ashten,Last Call
Brad Ashten,Halt and Catch Fire
Chase Stokes,The Critics' Choice Super Awards
Chase Stokes,Live with Kelly and Ryan
Ted Huckabee,The Retirement Party
Ted Huckabee,Step Off
Ted Huckabee,Kerberos
Ted Huckabee,Detroit 1-8-7
Ted Huckabee,Army Wives
David Ury,Hip-Hop Headstrong
David Ury,It's Always Sunny in Philadelphia
David Ury,Lie to Me
David Ury,Rizzoli & Isles
David Ury,The 41-Year-Old Virgin Who Knocked Up Sarah Marshall and Felt Superbad About It
Jason Saucier,"Sister, Sister"
Jason Saucier,Three on a Match
Jason Saucier,Resurrection
Jason Saucier,One Tree Hill
Jason Saucier,"Sister, Sister"
Jason Saucier,Banshee Moon
Candi Brooks,Lift Off
Bing Fu,The Legacy of Christ
Brad Ashten,The Ex List
Brad Ashten,"Surfer, Dude"
Brad Ashten,Summer Homework
Brad Ashten,Nightmare
Brad Ashten,Harvest Moon
Brad Ashten,Watch Over Me
Ted Huckabee,Leatherheads
Ted Huckabee,House of Payne
Ted Huckabee,Blood Ties
Ted Huckabee,My Christmas Soldier
David Ury,Lost & Found
David Ury,The Revenant
David Ury,Breaking Bad
David Ury,Heroes
Jason Saucier,Banshee Moon
Candi Brooks,The Ravine
Candi Brooks,Money Plane
Andres Munar,Hightown
Bing Fu,A Stone's Throw Movie
Bing Fu,Perimortem
Bing Fu,Hal Lo We'en
Bing Fu,The Recipients
Bing Fu,Outer Banks
Bing Fu,American Detective
Bing Fu,The MisAdventures of Wild Bill Elliott
Ian Gregg,Holy Irresistible
Brad Ashten,Desire
Brad Ashten,Are You Scared?
Brad Ashten,Veronica Mars
Brad Ashten,Scarred
Ted Huckabee,The Last Adam
Ted Huckabee,Trust Beam
Ted Huckabee,Delivery Boy Chronicles
Ted Huckabee,Vineyard
Ted Huckabee,Last Goodbye
Ted Huckabee,Bobby Jones: Stroke of Genius
David Ury,Life
David Ury,Without a Trace
David Ury,Parasomnia
David Ury,Black Widow
Candi Brooks,Outer Banks
Candi Brooks,Upstream with Jimmy Dallas
Candi Brooks,Obsession
Candi Brooks,Tall Girl
Candi Brooks,Eat Brains Love
Candi Brooks,Doom Patrol
Lilah Pate,Outer Banks
Andres Munar,Outer Banks
Andres Munar,Queen of the South
Andres Munar,Fear the Walking Dead
Andres Munar,NCIS: New Orleans
Bing Fu,Secret Shed
Bing Fu,The Lion's Den
Bing Fu,Murder Comes Home
Bing Fu,Polk's Plunder
Bing Fu,The Stand
Bing Fu,Punched Out!!: The Untold Story
Ian Gregg,The Staircase
Ian Gregg,Outer Banks
Ian Gregg,The Falcon and the Winter Soldier
Brad Ashten,Mind Masters
Brad Ashten,No Time for Goodbye
Brad Ashten,Last Call
Ted Huckabee,Vicious
Ted Huckabee,Behind the Nine
Ted Huckabee,Alibi
Ted Huckabee,The Rockstar Inside
David Ury,Reversion
David Ury,Dash 4 Cash
David Ury,National Treasure: Book of Secrets
David Ury,Shoot 'Em Up
David Ury,Close to Home
David Ury,Dark Ride
Candi Brooks,Stick-up
Candi Brooks,Supercon
Candi Brooks,Preacher
Candi Brooks,NCIS: New Orleans
Candi Brooks,Creatures of God
Jontavious Johnson,American Triptych
Lilah Pate,Deception
Chris Gerard,Outer Banks
Andres Munar,New Amsterdam
Andres Munar,Bull
Andres Munar,Collateral Beauty
Andres Munar,11.22.63
Andres Munar,The Blacklist
Andres Munar,Blue Bloods
Bing Fu,Give My Love to Rose
Bing Fu,Numbers
Bing Fu,Bing Bang
Bing Fu,Jacob's Ladder
Bing Fu,Untitled SCP Series
Bing Fu,American Nightmare
Ian Gregg,When the Streetlights Go On
Ian Gregg,Zach and Mani Make a Mockumentary
Ian Gregg,Creepshow
Ian Gregg,Zombieland: Double Tap
Ian Gregg,The Resident
Ian Gregg,Your Worst Nightmare
Brad Ashten,Nightmare
Brad Ashten,Harvest Moon
Brad Ashten,Mind Masters
Brad Ashten,No Time for Goodbye
Brad Ashten,Last Call
Ted Huckabee,Statesmanship
Ted Huckabee,Boycott
Ted Huckabee,Good Eats
David Ury,Last Call
David Ury,Idol
David Ury,Dark Mind
David Ury,Crossing Jordan
Candi Brooks,Scream: The TV Series
Candi Brooks,A Gift Horse
Candi Brooks,Get Hard
Candi Brooks,American Horror Story
Candi Brooks,Devil's Due
Candi Brooks,Common Law
Jontavious Johnson,P-Valley
Jontavious Johnson,National Champions
Jontavious Johnson,Modern Love
Jontavious Johnson,Outer Banks
Jontavious Johnson,Kevin's Story
Jontavious Johnson,Ungubani (Who Are You?)
Andres Munar,Broken Tail Light
Andres Munar,Sunburn
Andres Munar,Entre nos
Andres Munar,Che: Part One
Andres Munar,Law & Order
Bing Fu,The Wright Method
Bing Fu,Murder by Numbers
Bing Fu,Black Panther
Bing Fu,Fatal Attraction
Bing Fu,Jodi Arias: An American Murder Mystery
Ian Gregg,The Rookie
Ian Gregg,Ozark
Brad Ashten,Nightmare
Brad Ashten,#Realityhigh
Brad Ashten,Nobodies
Brad Ashten,12 Deadly Days
Brad Ashten,Mind Masters
David Ury,The Basement
David Ury,Blue Collar TV
David Ury,Charmed
David Ury,Paparazzi
David Ury,Bashing
David Ury,William Hung: Hangin' with Hung
David Ury,Able Edwards
Candi Brooks,The Courier
Candi Brooks,21 Jump Street
Candi Brooks,Bending the Rules
Candi Brooks,Journey to Promethea
Candi Brooks,Terror Trap
Candi Brooks,Shawnna: Gettin' Some
Candi Brooks,A Perfect Day
Michael Otis,Pieces
Andres Munar,Gabriel y Gato
Andres Munar,Law & Order: Criminal Intent
Andres Munar,Queens Supreme
Andres Munar,The Glorias
Bing Fu,Snapped: Killer Couples
Bing Fu,Snapped
Bing Fu,#Murder
Ian Gregg,Nashville
Ian Gregg,Love Is_
Ian Gregg,Forever My Girl
Ian Gregg,Fist Fight
Ian Gregg,The Jury
Ian Gregg,MacGyver
Brad Ashten,No Time for Goodbye
Brad Ashten,Last Call
Brad Ashten,No Time for Goodbye
Brad Ashten,Last Call
Brad Ashten,Last Call
Brad Ashten,Last Call
David Ury,Witness 2 Murder
David Ury,Killing the Dream
David Ury,Pizza Chase
David Ury,Malcolm in the Middle
David Ury,Akashiya takoku sekigun
David Ury,L.A. Noire
Candi Brooks,Scream: The TV Series
Candi Brooks,21 Jump Street
Candi Brooks,"Jeff, Who Lives at Home"
Candi Brooks,A Little Bit of Heaven
Candi Brooks,The Jason Edwards Show
Michael Otis,Two of Everything
Michael Otis,Last Looks
Michael Otis,American Crime Story
Michael Otis,Outer Banks
Michael Otis,Richard Jewell
Andres Munar,American Assassin
Andres Munar,Gears 5
Patrick Ashley O'Neal,Holly Hill
Bing Fu,Origins: The Journey of Humankind
Bing Fu,Murder Comes to Town
Bing Fu,Murder Chose Me
Bing Fu,Dolly Parton's Christmas of Many Colors: Circle of Love
Ian Gregg,Game of Silence
Ian Gregg,Term Life
Ian Gregg,Neighbors 2: Sorority Rising
Ian Gregg,Confirmation
Ian Gregg,Homicide Hunter
Ian Gregg,Swamp Murders
Brad Ashten,Last Call
Brad Ashten,RelationShep
Brad Ashten,Hot Set
David Ury,Genshiken
David Ury,Zatch Bell!
David Ury,Wolf's Rain
David Ury,Descendants of Darkness
Michael Otis,Babysplitters
Michael Otis,MacGyver
Michael Otis,Runners
Michael Otis,Days of Our Lives
Michael Otis,The Inspectors
Patrick Ashley O'Neal,Paradise City
Patrick Ashley O'Neal,Tax Season
Patrick Ashley O'Neal,Novel Love
Patrick Ashley O'Neal,Ben's Big Night
Patrick Ashley O'Neal,Christmas in Pine Valley
Bing Fu,National Enquirer Investigates
Bing Fu,Homicide Hunter
Bing Fu,Collusion
Ian Gregg,Max
David Ury,Augustine
David Ury,Pizza Chase
David Ury,Augustine
David Ury,Pizza Chase
Michael Otis,No Hitter
Michael Otis,Camp
Michael Otis,Memory
Michael Otis,The Slap
Michael Otis,The Seedling
Michael Otis,Fereshteh
Patrick Ashley O'Neal,The Radcliffes
Patrick Ashley O'Neal,Accidentally in Love
Patrick Ashley O'Neal,The Eyes of Tammy Faye
Patrick Ashley O'Neal,ClockWork
Patrick Ashley O'Neal,Outer Banks
Patrick Ashley O'Neal,Faceless
Ian Gregg,Barely Lethal
Ian Gregg,Rectify
Ian Gregg,Atlanta Zombie Apocalypse
Ian Gregg,The Red Road
David Ury,Pizza Chase
David Ury,Augustine
David Ury,Doogtoons Quickies
David Ury,In Hell Everybody Loves Popcorn: The Making of 31
David Ury,On the Set W Jasper Cole
Michael Otis,Rails & Ties
Michael Otis,Americanizing Shelley
Michael Otis,Retaliation
Michael Otis,Veronica Mars
Michael Otis,1309
Michael Otis,Committed
Patrick Ashley O'Neal,Anguish
Patrick Ashley O'Neal,Soldier's Heart
Patrick Ashley O'Neal,GraceLand
David Ury,2005 BET Comedy Awards
David Ury,Access Hollywood
David Ury,Inside Edition
Michael Otis,The Wind Effect
Michael Otis,The Young and the Restless
Michael Otis,First Monday
Michael Otis,Angel
Michael Otis,Passions
Michael Otis,Partners
Michael Otis,A Head for Business
Patrick Ashley O'Neal,The Bathroom
Patrick Ashley O'Neal,The Third Party
Patrick Ashley O'Neal,100 Bodies
Patrick Ashley O'Neal,The Payment Plan
Michael Otis,The Stranger
Michael Otis,Women: Stories of Passion
Michael Otis,Aurora
Michael Otis,The Ellen DeGeneres Show
Michael Otis,The Best Damn Sports Show Period
Patrick Ashley O'Neal,Reprisal
Patrick Ashley O'Neal,The Blood Thins
Patrick Ashley O'Neal,American Confederate
Patrick Ashley O'Neal,Flesher
Patrick Ashley O'Neal,The Righteous Gemstones
Patrick Ashley O'Neal,Florida Girls
Michael Otis,E! Mysteries & Scandals
Patrick Ashley O'Neal,Dine with the Devil
Patrick Ashley O'Neal,The Inspectors
Patrick Ashley O'Neal,The Act
Patrick Ashley O'Neal,Sid Roth's It's Supernatural
Mike Bevins,Holly Hill
Arthur E. Gibson Jr.,The Radcliffes
Patrick Ashley O'Neal,Salvage
Patrick Ashley O'Neal,Lucky Luke
Patrick Ashley O'Neal,Conrad & Michelle: If Words Could Kill
Patrick Ashley O'Neal,Halloween
Mike Bevins,Charleston Legal: Laws of Nature
Mike Bevins,The Righteous Gemstones
Mike Bevins,Outer Banks
Mike Bevins,Faceless
Mike Bevins,GraceLand
Arthur E. Gibson Jr.,Our Kind of People
Arthur E. Gibson Jr.,Halloween Kills
Arthur E. Gibson Jr.,Outer Banks
Arthur E. Gibson Jr.,Council of Dads
Zachary Branch,Universal Dreamers
Kellan Jackson,Lift Off
Bruce Irvine,Evolution of Nate Gibson
Patrick Ashley O'Neal,Mr. Mercedes
Patrick Ashley O'Neal,Reckless
Patrick Ashley O'Neal,Confederate Cavalry
Patrick Ashley O'Neal,The Inspectors
Mike Bevins,Council of Dads
Mike Bevins,The Blood Thins
Mike Bevins,The Deadly Welcoming
Mike Bevins,Salvage
Mike Bevins,Conrad & Michelle: If Words Could Kill
Caroline Knight,My Best Friend's Exorcism
Arthur E. Gibson Jr.,Mr. Mercedes
Arthur E. Gibson Jr.,The Righteous Gemstones
Arthur E. Gibson Jr.,The Inspectors
Arthur E. Gibson Jr.,We Love You
Zachary Branch,No Rest for the Wicked
Zachary Branch,Outer Banks
Zachary Branch,No Return
Zachary Branch,The Menu
Zachary Branch,No Rest for the Wicked
Kellan Jackson,Outer Banks
Kellan Jackson,Thumb War!
Kellan Jackson,Words on Bathroom Walls
Kellan Jackson,Most Terrifying Places
Bruce Irvine,Florida Man
Bruce Irvine,"Are You There God? It's Me, Margaret"
Bruce Irvine,The Black Phone
Bruce Irvine,Outer Banks
Bruce Irvine,Secrets of Sulphur Springs
Patrick Ashley O'Neal,The in Crowd
Patrick Ashley O'Neal,The Third Party
Patrick Ashley O'Neal,Holly Hill
Patrick Ashley O'Neal,Ghoul
Mike Bevins,Mr. Mercedes
Mike Bevins,The Inspectors
Mike Bevins,Vice Principals
Spencer Kilpatrick,Untitled TCMC Fan Film
Caroline Knight,The Girl from Plainville
Caroline Knight,Ozark
Caroline Knight,Outer Banks
Caroline Knight,The Girl from Plainville
Arthur E. Gibson Jr.,Vice Principals
Arthur E. Gibson Jr.,South of Hell
Zachary Branch,Outer Banks
Zachary Branch,The Summer I Turned Pretty
Zachary Branch,The Menu
Kellan Jackson,Ghost Brothers: Haunted Houseguests
Bruce Irvine,Filthy Rich
Bruce Irvine,Project Power
Patrick Ashley O'Neal,Death Care
Spencer Kilpatrick,Outer Banks
Bruce Irvine,The Lovebirds
Bruce Irvine,Five Feet Apart
Bruce Irvine,Fear the Walking Dead
Bruce Irvine,The Gifted
Bruce Irvine,Outcast
Bruce Irvine,Shots Fired
Bruce Irvine,Second Chance
Bruce Irvine,Ashby
Bruce Irvine,Shots Fired
Bruce Irvine,Hollywood Detective
Bruce Irvine,Firehead
Bryan Metoyer,DMZ
Bruce Irvine,Dragonfight
Bruce Irvine,The Closer
Bruce Irvine,Working Tra$h
Bruce Irvine,Everybody's All-American
Bruce Irvine,Monsters
Bruce Irvine,The Big Easy
Bruce Irvine,Shots Fired
Bryan Metoyer,The Eyes of Tammy Faye
Bryan Metoyer,Charming the Hearts of Men
Bryan Metoyer,Respect
Bryan Metoyer,Outer Banks
Bryan Metoyer,The Tomorrow War
Bryan Metoyer,Thunder Force
Bryan Metoyer,Safety
Bruce Irvine,Following Her Heart
Bruce Irvine,Crocodile Shoes
Bruce Irvine,Evolution of Nate Gibson
Bruce Irvine,Outer Banks
Bruce Irvine,China Blue: Deceiver
Bryan Metoyer,Dead Silent
Bryan Metoyer,American Soul
Bryan Metoyer,The Resident
Bryan Metoyer,Pearl Harbor
Derrick Lemmon,Florida Man
Derrick Lemmon,Monarch
Derrick Lemmon,Ozark
Derrick Lemmon,Ordinary Joe
Derrick Lemmon,The Black Phone
Derrick Lemmon,Outer Banks
Derrick Lemmon,Mr. Mercedes
